x1,x2,x3,y
-0.594298945,-0.785682086,-0.301535442,2.639496396
0.165559506,1,-0.811922854,10.08085452
-0.030922515,-0.528717142,-0.859768462,-1.727573048
-0.709511516,-0.263110722,-0.25640452,0.322276388
0.798438782,1,-1,17.11455216
-0.46474211,-0.954867125,1,-2.366446249
0.644226675,1,-0.135538256,9.711792716
-0.089892346,-0.153317336,0.940458788,-0.542661
-0.913058851,-0.490105353,-1,4.910155755
-0.00166029,-1,0.592655742,-0.190148853
-0.103255442,0.319981902,-0.616688234,1.201444584
-0.439685034,1,0.9903356,14.87037014
-0.463384678,-0.52496266,0.108719149,0.570120264
-1,0.344829047,-0.099915196,-3.052386455
0.053164496,1,-0.877606577,8.206298266
0.421954956,-0.584001759,-0.507202411,0.274657471
-0.096888469,-0.412859724,-0.655722105,1.000929245
1,0.280168159,0.715175897,11.22642831
-1,0.63318695,0.143644596,-2.267929404
0.091230877,-0.351498486,1,-1.354430157
-0.257260105,-0.259830593,0.224958559,0.392048161
1,-0.733876948,0.670081216,2.218566723
1,-1,-0.320921826,-9.394055279
-1,-0.11177767,0.129110589,-4.505052349
-1,1,1,17.00486752
-0.314728704,-0.531114869,0.277061212,0.75903607
-0.200291541,-0.601859268,0.21578069,1.054715231
0.407123347,-0.724515241,1,-4.053878022
0.953127895,0.35639234,0.432488961,6.872730159
1,0.193081685,-0.845958867,8.027656012
-1,1,-0.062268599,8.993252287
-0.536444939,-1,-1,-10.81242391
-0.531611628,0.051132549,0.13289144,-0.490166015
1,-1,-1,-30.32289072
0.682734774,0.14750512,0.996272416,2.822705969
0.650371991,0.65045618,-0.333225167,1.092317784
-0.386839037,-0.806065911,-0.346312904,1.686116648
-0.316825481,-0.656443747,-0.569614568,1.303640158
1,0.085803895,-0.480685845,5.207298532
-0.130883814,0.270189615,0.042459917,-0.218273861
-0.374712281,-0.200859414,0.010346731,1.093900275
0.054748428,-1,-1,-17.86188506
0.242487024,0.359968171,-0.364587608,0.886553315
1,1,1,25.87011595
-0.513688043,0.615867054,0.978747964,5.066877994
-1,-0.251405008,-0.234362657,-3.952994382
0.371273616,0.542511236,0.187908613,1.25306276
-0.3032985,-0.364310644,0.370290295,0.196551666
0.567638742,-0.258387099,0.296092692,1.831681281
-0.01387135,1,0.006680599,7.599606559
0.343206364,0.494194835,0.210237347,0.463415316
0.219146014,-0.225855059,-1,-3.819431031
-0.06780098,-0.168424328,0.237292475,0.563318475
-0.283079035,-1,-0.015193149,3.140022708
-0.50411629,0.864641082,0.284921503,1.596240782
-0.907462571,-0.870136693,-0.640334172,3.983882712
-0.641471552,-0.294889202,0.201243485,-0.857058593
-0.106250835,-0.619832533,0.498912966,0.723894776
1,-0.845815562,-0.576257531,-0.428350034
-0.596829437,0.096744752,0.329935331,-1.493114328
-0.496197776,0.036851029,0.48189834,-0.575405586
0.193884116,-1,-0.030531571,1.794671957
-0.014639618,0.001350017,-0.921973673,-1.077048158
0.994447258,0.688578627,0.871946275,18.99222194
0.620264061,-0.621077714,0.531007599,0.314940622
-1,-0.179407042,0.199593177,-4.136089122
0.564585477,0.734963808,-0.758974727,1.868243799
-0.645287093,0.691262301,-1,-1.717400648
-0.588820881,0.054430463,0.126313482,-0.923159018
1,0.283155785,-0.705741151,5.840936422
1,-1,0.589982206,-6.620997528
-1,0.082618455,0.320312413,-4.883474763
-0.722575932,-0.184769959,0.828133827,1.5247719
-0.900797226,-1,0.276723636,8.234717557
1,0.025462027,-0.714900033,5.969165784
0.343168982,-0.340989694,-0.404050538,1.753052499
-0.861302972,0.488426857,0.361734577,-3.909137391
0.793895893,0.666861394,-0.767850586,3.457555016
-0.89763671,-0.308666508,1,4.840616517
0.392372537,-0.249629197,-0.159064834,1.797011099
-0.437825632,-1,0.695029875,0.967234273
-0.290247771,0.961932411,1,13.7920305
1,0.840392039,1,26.88401713
0.859499648,-0.287039881,-0.400549143,1.899841409
0.319642075,0.045785047,-0.561090069,0.63965708
1,0.543181192,0.454114406,9.388541971
0.307102081,-0.873613945,-0.663759271,-1.399142573
0.619630157,-1,-0.636911699,-7.320344732
0.659938383,0.335028727,-1,-0.886178404
1,-1,-0.073249387,-8.209340791
1,-1,0.578306988,-6.081777884
0.198316814,-1,0.994455926,-6.706511623
0.523810729,0.056272018,-0.183440052,1.400297955
-0.705705116,0.946480561,-0.435106726,2.941934552
0.396830074,-0.351868958,0.032504512,1.189322618
0.224589113,-0.130904073,-0.766789248,1.004632841
0.868157668,-0.305149177,-0.454020847,3.008395409
-0.130032736,-1,0.851179781,-2.589281779
-0.269995224,1,-0.218320624,8.795221013
1,0.624151945,0.160085262,8.285075137
-0.8853496,-0.345092086,-0.032338576,-1.42082289
-1,-0.64045691,-1,4.697220182
0.938425769,1,-0.114763019,12.89949331
0.978559541,-0.547405168,0.204851534,3.440014044
0.806353195,-0.340186948,1,0.621811767
-0.617572291,1,0.540486247,5.139310258
0.08157992,-0.439374232,-0.274190327,1.029358015
-0.349796981,0.181815528,0.101423202,-0.101611603
-0.819493921,-0.726578377,-0.284165454,2.770454871
-0.07239647,0.533485664,1,4.341149881
-1,0.414461252,-1,16.30504432
-0.716144199,-0.605785371,0.997278983,3.637181362
-1,1,-0.143525831,10.38927416
0.427867859,0.299739612,-0.208338689,0.655923259
0.567425841,-0.762967881,-0.268589232,0.819717424
0.111543143,0.278945849,-1,-2.929087601
-0.313119125,-0.296863895,-0.602944191,-0.01967774
-0.703791676,-0.123417406,-0.861670291,1.122977206
0.237241343,0.008534567,-0.088788397,1.216784119
-0.351590034,-0.421236283,0.339387404,0.075044399
1,-0.459879622,0.888247194,6.292871735
-0.422597294,-1,1,-4.101874833
-0.780680993,-0.26132763,0.358366066,-0.262289488
0.137447161,-0.799941355,-1,-10.31873333
-0.962320483,1,-0.930343096,12.93807781
-1,-1,1,21.85248059
-0.555830646,-0.169086492,0.143977295,0.093536566
0.271341604,1,1,10.31478444
-0.843653176,1,0.911310618,9.762539756
-0.077947778,1,1,12.74943076
0.792730528,-0.062310967,-0.155285546,2.469730841
0.942797548,0.444862817,1,17.04321633
-0.590916994,-0.344156539,0.336957043,-0.196677127
0.814426246,1,0.811260392,11.94712131
-0.541097382,1,-0.289829153,5.343407663
0.817638109,-1,0.700525653,-3.192235558
-1,-1,0.596763037,13.98390986
-0.019764315,-1,0.293180438,2.823233045
0.769733945,0.454659266,0.135926484,2.563274039
0.977667198,-0.599528722,-0.09089901,2.721468546
1,0.856275245,1,26.78960723
1,-0.250854846,1,7.994809754
-1,-0.431510814,-0.413941934,-1.442945032
-1,0.084969544,1,3.277678611
-1,-0.32735461,1,6.397397784
-0.390035581,0.736887439,0.326940397,0.802181529
-0.036881664,-0.475532798,0.289772669,1.371886721
-0.348388944,0.436156355,0.835479958,0.601605759
0.387717896,0.050097357,0.676917443,1.013650377
-0.172432941,-1,0.570038416,1.017417078
0.70434144,0.011227732,-0.975915769,0.023823272
0.723751408,0.567772113,-0.319542045,1.449449402
0.558063168,0.798657013,0.784732588,4.511249405
-0.081756793,-0.69600658,-0.307058959,1.690096566
0.531657727,-0.548352584,-0.366163783,1.172637484
0.123828339,-0.435512609,0.21425788,0.977325966
1,-1,-1,-29.94468106
0.133876432,0.296317093,1,0.436604325
0.601979625,-0.552671439,0.436167952,1.02522417
0.106816113,-1,0.295125443,1.513693735
-1,-0.595703254,-0.892128042,2.977654102
0.453909781,-1,-1,-21.30084663
-0.888097295,0.369201077,-0.307733763,-2.001618269
0.890936748,-0.555869478,-0.080990811,1.52358698
-0.117895184,-1,0.670316355,-0.472111586
1,0.426411111,-0.230553709,5.519894953
0.478925272,-1,-0.727472934,-6.935776162
0.133699385,0.598272079,0.679572302,1.643290357
0.074885374,0.201516306,-0.442799749,1.458283396
-0.427336952,-0.409459445,-0.284983811,1.112848769
1,0.463177396,0.56440956,9.356590279
0.345562312,-1,-0.187556077,0.644657154
-0.129939291,0.607967243,0.825689243,1.907355721
0.057393352,0.354363354,0.746522854,0.617206136
-1,1,-0.006196609,7.433874964
-0.027177052,0.384734131,0.071268313,0.064255479
-1,0.09375567,0.077348871,-4.399103261
-0.50720933,-1,1,-1.958562935
0.781696378,0.230346815,0.03108997,2.136587909
1,0.885896782,-0.854049357,20.45462531
-0.064197117,-0.190208039,-0.310424155,1.318091656
1,0.642327984,0.927784217,20.5795665
0.77536638,-0.113612595,0.174015451,2.588707593
0.795827566,1,-0.042006739,8.965080805
1,1,0.183064911,13.56292563
-1,-1,-0.819310601,3.040736809
0.396426415,0.297273759,0.265181676,0.874866123
0.685096034,-0.854476513,-0.55950495,-0.245586577
-1,-0.315669581,-0.222867363,-2.875793826
-0.166098371,-0.996597839,-0.355256993,1.671923314
1,-0.208747948,-0.034503348,4.491787857
-0.617878984,-1,1,-0.236024976
0.779129508,-1,0.25625286,-3.171301721
-0.919785014,-1,-0.692714631,2.940802294
0.37377717,1,1,9.692077066
0.787470803,-0.035680241,-1,-0.498176107
0.113918962,-0.137748165,-0.864843033,-1.261514483
1,0.890820564,-0.184290491,10.28524073
-0.551573404,0.419986763,0.343110319,-1.599260246
-0.038752094,0.739374442,0.308508657,0.371402646
0.972380112,0.86815547,1,24.29127373
-0.054639616,0.448307221,1,2.73454311
-1,-1,1,21.04551462
-0.596204039,-0.234181788,0.342451689,0.085551644
-0.913061666,-0.114918427,-0.66772008,0.497069381
-0.979589783,-0.224278548,0.538640713,-2.417311747
-0.354389937,-0.537581547,0.038301225,0.969878897
-0.564870191,-1,-1,-10.1988837
0.716730885,0.450287241,-1,0.510653504
1,0.666451047,-0.073654095,7.03303038
0.944189738,-0.32856137,-0.08667131,3.437403722
-0.468065961,1,0.0849325,6.297159356
0.074698726,0.028706585,0.074164054,1.301129865
-0.544603926,-1,0.670262548,2.209762809
-0.138634007,1,-0.409819102,8.530829855
-0.0448973,0.181965537,1,1.118405303
1,-0.886899452,-0.74386191,-3.969832137
0.18811097,-0.590537133,1,-2.669709
0.071142035,-0.13133968,0.081983086,1.448872018
-0.961882571,0.086768636,0.157308478,-4.20653053
1,-0.774129678,-0.16276658,2.11371344
-0.204931547,-1,-0.062213025,3.02395135
-1,0.387299821,0.128657864,-3.84119615
1,-0.65850604,0.396082474,3.174565343
0.841638789,-0.311135458,1,0.494453333
-0.83364507,-0.185544957,-0.000207263,-1.520848333
-0.353666845,0.529483799,-0.986494868,-3.700639894
-0.319158896,0.531176378,1,4.165702394
0.200782398,0.058574938,-0.045836738,1.400473971
1,0.888584754,-0.70819679,15.56467025
0.261125944,-0.375550801,0.264963431,1.332850955
0.602489924,-0.363090969,-0.01153786,1.360210849
0.271060343,1,0.442246375,7.157882938
-0.08492334,-0.113733609,0.499701792,0.871775498
-0.617890179,1,0.461711215,4.552375222
-1,-0.62796489,1,11.34933428
-0.50295561,-1,-0.45410678,1.871128918
-0.491778909,-1,-1,-11.74771588
0.541102172,-0.729141279,-0.086206278,1.527606639
-1,0.740462295,0.91601334,3.013981428
1,-0.357051807,0.602871937,5.245003347
0.333237576,0.192854139,1,0.689657469
-0.355659517,0.27863073,0.033243901,-0.808010706
1,-0.207387041,1,9.095781328
0.428760957,-0.58948815,1,-3.698850196
0.494066545,-0.219278918,-1,-3.739350968
1,0.213736082,0.192897802,6.374171238
0.025294676,-0.22879153,0.626558642,1.03110941
-0.64776488,0.645419426,-1,-1.75201342
-1,-0.022287038,-1,10.69966198
1,-1,-0.720070169,-15.52239354
0.786116273,-1,1,-6.585129894
1,0.071423883,1,13.21438074
0.653155198,-1,0.498695606,-1.523676737
0.952306436,-0.25991441,0.732989737,4.510047653
-0.03227164,0.864138907,-0.534662782,3.851797987
1,0.197127939,-0.552731815,4.725022733
-0.193592838,0.076908361,1,1.328864108
0.93246522,1,-0.300052862,15.30833022
0.065392725,0.066691442,0.015531038,0.328493104
-0.295170039,-1,1,-6.165566036
0.554228063,-0.818578296,-0.38129903,0.236599176
-0.858606663,0.683027889,1,7.106750101
-0.49607912,1,0.503406352,5.678882868
-0.781124457,-0.191111498,0.191981169,-1.115482658
0.612960689,0.042278825,1,1.136549545
-0.651408267,0.724869435,0.413666196,-1.768490248
1,0.074653222,-1,8.593620756
0.272279401,0.414304285,-1,-3.792173687
-0.322711978,0.666701317,-0.585187465,-0.239680647
0.196674006,0.423697105,0.67571514,0.522749207
-1,1,0.139397719,6.475534395
0.466223575,0.148418748,1,0.212555218
1,0.501392926,-0.94065551,12.41053309
0.243815658,-1,1,-7.699075557
0.099109863,0.244435718,-0.183393488,1.040488871
-0.434028207,-0.314423884,-0.806743916,-0.699600984
1,0.266724174,-0.646281597,5.771315442
0.062930701,1,-0.881844179,8.485870994
0.115024836,0.735210107,-0.045502488,1.316755275
0.407075226,0.761988799,-0.326778989,1.650847271
0.362958604,1,-0.45668032,11.3017467
1,0.271250876,-1,10.38270068
0.47204741,0.23715402,0.148815896,0.752742159
-0.042616325,1,-0.282714852,8.863742331
-1,-0.82936039,-0.018944729,4.415526272
-0.078576453,-1,0.833960414,-3.236970323
-0.434429569,0.631251727,0.74298088,0.137316139
0.041504638,-0.519995736,0.157913201,1.043225161
-0.152614846,-0.779269874,0.626363132,0.031935315
0.623443359,0.567289384,-0.246819765,0.608782457
-0.2188942,-0.487686848,1,0.134291864
-1,-0.490861751,0.013586682,-1.708516866
1,0.820529965,-0.635865514,11.11973131
-0.71302247,0.71002376,0.689346976,-0.420484132
-0.994764707,-0.154915034,-0.654171597,-0.220103861
-0.147487863,0.1392456,-0.445410583,0.133013722
0.437057837,0.156255023,0.240104478,1.227749013
0.199482148,0.815338005,1,7.158666902
0.37999887,-0.101322999,-1,-3.637213974
0.266630224,-0.670889681,-1,-8.565474251
-0.19804332,0.731995748,-0.948174914,-2.847581337
-0.953371237,0.436938647,0.531250426,-4.160672269
0.716811732,-1,0.794315428,-2.386320064
0.743021433,-1,0.903697179,-4.566013866
0.225697439,0.373224646,-0.234058152,0.407206135
0.421082162,-1,0.932527928,-5.639622709
-1,1,0.525541237,1.141315313
0.586909492,0.669904372,-0.76317482,1.364499961
-0.613231824,-1,0.798503674,2.14275631
0.013713389,0.886414905,-0.796466043,2.845221394
1,0.355676364,-0.670447861,5.679614352
-0.036493116,-0.995092071,0.001541251,2.136272887
-1,0.842695731,-1,19.98497161
0.241802687,0.569712269,1,4.388761482
1,-1,0.055772544,-8.230735001
-0.097166887,0.175511192,1,2.115397086
0.021739453,0.647037478,0.470630821,0.596910067
0.804278721,0.478665155,0.150452018,3.206483284
-0.03552705,-1,-1,-16.94495044
-1,-0.375589464,-0.958992077,5.609653192
0.168666577,-1,-0.317217743,1.63531873
-1,-0.338673542,-1,6.821974679
0.657040824,0.970137969,1,11.12714833
-0.312205647,-0.931284095,-0.64788189,-0.539179346
-1,-0.243800226,1,5.315607519
-1,1,-0.312104779,11.64478307
0.868297003,-0.499602027,-0.07698732,1.117751663
-0.397973166,0.106107578,1,2.850547385
-1,-1,-0.328171841,7.15662558
-0.553377162,0.786894763,0.965372072,6.693783948
-0.3306371,0.393822964,-0.117297053,-1.097954584
-0.035121078,-0.478184833,0.305853782,0.910611678
0.112391224,0.314664503,-0.080737059,0.80436883
0.92379648,-0.385809461,0.677788785,4.161047916
0.458258119,1,0.784288117,8.375181921
0.783266734,0.192238342,1,6.187155216
0.134945188,0.114379248,0.675850098,0.601508318
-1,1,1,17.21834294
0.824504202,0.741960182,0.102616025,3.586799857
-0.509908598,0.324879788,-0.155157245,-1.406423711
-0.602898197,-0.127137845,-1,0.594914377
0.877121517,0.028870119,-0.432884021,3.086076769
-0.935404536,-1,0.618269397,11.77246461
-0.210580313,1,0.578282109,7.751596144
0.058856738,-0.740921256,1,-2.859913082
-0.602908496,-0.469331489,0.836567574,1.354803953
-0.877380382,-0.779916969,1,8.776034875
0.249739239,0.925352598,-0.429548037,5.907110552
0.9631606,0.428184172,-0.724337842,5.833513376
1,-1,0.442788813,-7.577614296
-1,-1,-0.959999459,2.919224064
0.413576153,-0.174122155,-0.976705235,-2.54768483
-0.244663118,-0.023222012,0.564852427,0.394337652
-1,1,0.129400005,6.242778356
-0.222940108,-1,0.223052983,2.097463458
1,-0.742271434,0.786270254,2.63347131
-1,-0.640526652,-0.930389334,3.79116215
1,-0.850322059,0.449773837,0.240046317
1,1,-0.717117514,25.6533434
0.634302255,0.499662431,-0.792557653,0.638058491
0.634993736,-0.846181274,-0.829406747,-5.141297833
-0.264611139,0.248048865,-0.163414162,-0.249901019
1,0.247343091,0.25829253,6.232535946
0.048122781,0.676452127,-0.782881545,-0.070702301
1,0.9993746,0.896762002,21.94292081
-1,-0.475885292,1,8.142196412
0.87155207,0.215716993,0.756045054,6.185091466
-0.241120233,0.138494309,-1,-2.650670696
0.548430035,1,-0.911475402,10.54100181
0.202472529,-0.365126307,-0.264039453,2.197673159
-0.744650069,0.22635552,1,2.599598454
-1,-0.666784578,-0.463656039,0.774770706
0.182568403,-1,0.163566628,1.789711411
0.138877231,-0.161757528,0.051088956,0.798656988
0.076195337,-0.573980367,-0.730129616,0.074827865
-0.893915946,0.220398694,-0.978247389,7.915021523
-0.26475956,0.460752339,-1,-3.691335282
1,-0.259537401,-0.471296895,4.136752913
0.01577662,1,0.889689104,10.46855917
-0.331212486,-0.673581375,0.299951124,0.656222559
-1,0.667353534,-0.49473263,2.6510938
0.237589827,0.710428145,-1,-3.616215637
0.445107476,-0.2620351,0.938309683,-2.317729141
1,0.341148731,-1,11.22690867
-1,-0.45063278,-0.299698448,-0.89621231
-0.236789514,-0.691854709,1,-1.736245897
-0.308477264,0.037427084,0.62948914,-0.256164912
-0.113520353,0.626036531,0.843027605,2.393330182
1,-0.24786743,-0.117883845,4.116251062
0.200450679,0.195288658,-0.982076711,-2.906859133
-0.799766338,0.749141019,0.624346012,-1.393713223
0.06382919,0.838698665,0.635555554,4.735845558
1,-0.46298417,-0.729706565,6.540806769
-1,-0.817092816,-0.777744398,2.678377021
1,-1,1,-8.813196139
-0.827492651,1,-1,4.762409917
-0.792188484,0.08066645,0.436982702,-1.875916423
-0.631525516,0.003461932,-0.409811859,0.139965189
1,-0.981418864,0.735660695,-5.19716684
-0.50702066,-0.422957722,0.91568276,0.538368192
1,-0.130835215,0.265835552,5.256561768
0.116131066,1,-0.417685641,9.780690353
-0.231204783,-0.8765772,-0.350477906,2.305051544
-1,-1,0.974565357,21.53828458
0.090140184,0.121333318,0.495416374,0.261184031
1,-1,-0.403751093,-9.642018552
-0.179036816,-0.374484895,-0.394638453,1.190587527
0.512190062,-0.565514483,-1,-6.118581449
0.845298917,-0.435369541,1,0.117183351
1,1,0.149402941,13.44146102
-0.439356095,-0.348622347,0.443883253,0.411673527
1,-0.451254721,1,5.620521028
-0.239074815,-0.495204364,1,-0.401173835
-0.355405553,1,-0.742389091,5.397766245
0.36566443,0.340287822,0.335784603,0.036536833
-0.183665561,1,-0.569341405,8.284907403
0.347606536,1,-1,5.838208473
-0.151297239,0.284129183,-1,-3.533570168
0.253595491,-0.53521499,-1,-7.044148331
0.226668221,0.292778262,-0.256126188,0.136314432
-0.316668706,-0.081951049,0.230114799,-0.475551067
0.445192838,0.547028518,0.85489503,2.277611295
0.41211633,-0.94002361,-0.246331352,0.85536181
-1,0.926739745,0.083580521,3.960608512
1,-1,-0.058906032,-8.89178081
0.199994055,0.801470516,0.595429378,2.798420663
-0.609760649,1,1,16.05655444
0.808663357,-0.182141919,-0.853052108,1.604727488
0.039996739,-0.207613029,0.33572382,0.342859278
-0.082878247,0.432789436,-1,-3.542615746
0.399123385,1,0.367818081,7.646681115
1,-0.008327719,-1,8.165028082
-1,-0.024037233,0.23681828,-4.24714875
-1,0.048365807,-0.280344409,-4.004355093
-1,-0.232201211,0.650385038,-1.229093861
-1,-1,-0.07953054,7.445006854
-1,-1,-0.764282223,2.3703476
0.562025881,-0.205140724,-0.705666891,0.704204098
1,-1,0.443398328,-7.227762737
-0.47312915,-0.355378665,0.529702694,0.409240566
0.880720149,0.870285735,-1,12.25662234
-0.054572929,0.203301083,1,1.161432559
-0.334838113,-1,0.479077347,2.526460421
-0.614037395,0.084700774,-0.12546246,-0.977683611
-0.823358169,-0.723678576,-0.072628021,2.414380557
-0.054555637,-0.292113596,-1,-3.796447132
1,-0.054725432,-0.302362787,3.892043958
0.450716004,-0.944750507,-0.073188833,1.412863883
0.131810967,-1,0.817076393,-1.860934836
0.31855531,0.550109479,0.258173732,0.302076894
-1,0.851755224,0.999042034,12.54015724
-0.180583857,-0.40332632,-0.88577012,-1.28294979
0.097488582,-0.517150646,-1,-5.545879275
-0.143852849,-0.336260751,0.47328398,1.301883006
-0.596942454,0.078801475,-0.3709766,-0.632062051
-0.369765057,0.196513659,0.61860345,-0.322942669
0.756285389,1,-0.904549764,16.0153018
0.254263514,-0.487919992,1,-2.322535101
-0.182549907,0.590213427,0.141880917,-0.450204217
-0.257000563,1,1,14.13060834
0.099288606,-0.347117433,0.295446959,1.285688863
-0.204457896,0.675767481,-0.924204997,-2.20988093
1,0.277941145,0.840624432,13.36931387
0.30004787,-0.604529127,1,-2.718376946
-0.043133577,0.126138201,0.289955868,0.083444156
0.150419647,-1,-0.04561614,2.525681674
-0.157715935,1,1,13.9304509
0.842052744,0.278635458,0.583965788,5.323924206
-0.702820727,-0.608909004,0.707277302,2.168780727
-0.426477299,-0.269552847,0.918391243,0.522164647
-0.462257134,-0.760816238,-1,-6.141619787
-0.472063952,-0.892234587,-0.671890959,0.344149529
-0.258103426,0.77740689,0.738244112,2.710123612
1,-0.575566051,0.015305957,3.612468708
-1,-0.102451978,0.587752638,-3.21279645
-0.172529214,0.15791639,1,0.928724825
-0.561126195,-0.019704119,0.34893698,-0.341711927
0.265370068,-0.891970765,1,-5.036109652
-1,0.22386718,0.537543457,-4.03791608
-0.964425267,-1,0.326014742,10.7240479
-1,-0.23245397,0.827499653,-0.074836953
1,1,0.133453953,13.711397
-0.638389552,-0.329469955,-1,0.767337779
-1,0.330382706,0.003124975,-3.749355557
1,0.484159778,-0.342637475,4.008501423
0.129128803,1,-0.943217035,6.836232624
-0.192333208,0.099383797,-1,-3.356064467
-0.788278207,0.558228961,0.333673595,-3.305446536
-0.949805873,-0.300365568,1,5.366458046
-0.102777142,0.239097318,1,1.28060891
-1,0.225515733,-0.972680106,12.48711044
-0.643427479,-0.523287099,0.21828156,0.731673166
-0.291396034,1,1,15.37765403
0.073206513,0.954461555,0.157897268,5.822993651
-0.996394267,0.535780912,0.456057253,-4.803217122
-0.070450857,-1,0.885473721,-4.093410496
0.423650463,-0.312299873,-0.259125983,0.88851997
0.851112733,0.23280864,0.007986795,3.185024898
0.909183586,-0.907372641,0.579077264,-2.199492188
-0.583935029,-0.10855003,-0.187284986,-1.291458738
0.947052581,0.065781544,-1,6.363854055
-1,-0.114384613,1,3.225727497
-0.145156358,0.649641382,-0.821837789,-1.408183734
-0.34611239,0.953915074,-0.745020889,3.581256036
-0.894776213,-0.812115238,-1,2.362843744
-1,0.301549007,0.731221277,-4.202173684
-0.717069788,-1,-0.274409858,5.075162645
-1,0.543676577,0.912985487,1.344738316
-1,-0.597814103,1,10.40965521
0.216627108,-0.039948462,-1,-3.13655538
0.244003137,1,0.487707378,7.384377607
-0.176479607,-0.057786061,-1,-2.75795763
-0.554266391,1,-1,0.621433009
0.184869086,-0.369757396,0.483089525,0.690643269
-1,-0.661948184,-1,6.105455314
-0.56932129,0.472242853,-1,-1.942838562
-0.89903175,-0.177285382,-0.350767454,-0.658560551
0.266141752,0.452921886,-1,-3.520645409
-0.561186616,-0.262639475,1,1.510279356
0.339058861,-0.722494223,-1,-8.93528846
0.410795285,0.081569825,-1,-2.894319243
0.571595261,1,-0.356703421,9.644401074
-0.213999811,0.045560047,1,1.070240933
0.171583929,0.432608227,0.438472093,1.087322741
-1,0.613672853,0.526272974,-4.413232607
0.354786545,0.613234655,-0.592403613,0.969421786
0.487872357,0.372941965,-0.182664126,1.205145065
0.621636335,-0.624182616,0.375511102,1.339742355
-0.682835756,-0.657807586,-0.541227607,1.043539734
1,0.10517595,1,13.72157422
-0.294765328,-0.530386969,0.843933034,0.505784724
-0.69165191,0.509352508,-1,0.157916991
-0.231488837,0.868004883,0.489139636,4.434034026
-0.955462224,-0.754314774,1,12.41416024
-0.981937908,-0.152539608,-0.040310736,-2.884659147
0.85178228,0.097212055,0.912286283,5.742432708
-0.728264698,0.86058762,-0.918732703,-0.535957682
0.799726898,0.226035111,-1,1.731820285
0.287446892,0.257256925,1,0.745663332
0.402106809,0.35407777,-1,-2.704936118
1,-1,0.159283222,-6.938104136
-0.1878803,1,1,13.99317346
-0.343868854,-0.038574013,0.09213982,0.343059079
-0.103373279,1,0.314048011,7.503491302
0.799420234,0.179519712,0.853142595,4.672205224
0.213475233,-1,0.069549809,1.702943971
1,-0.006873049,1,12.62767111
0.249338699,-0.02454406,0.017197889,1.442613887
1,0.775508331,-0.188671037,8.396650234
1,0.092098014,0.303931768,5.274882569
-1,-1,0.530860281,13.2546539
-0.19102358,0.383374854,0.208002431,-0.787912501
0.634697946,-1,0.081738457,-0.822373507
-0.277452155,-1,-1,-14.75284432
0.92569599,0.039339102,-0.08806524,3.368971543
-0.390139799,-0.100848954,0.160873959,-0.189253344
-0.753382426,0.330321451,0.594715516,-2.824326195
1,-0.189279146,-1,6.429056227
1,0.330453946,0.527846314,8.876769934
-0.374651729,0.469101708,-0.043891367,-1.099165772
0.472021978,-0.118679031,0.147925527,0.742277565
0.344540924,1,0.282570686,7.097280157
1,0.514381322,-0.636266578,6.24810154
0.817037314,-0.549066685,-1,-5.917422911
1,-0.933793836,0.452835337,-3.16852557
-0.309558312,-0.067140949,0.041418735,-0.581591764
-0.321407463,0.743328096,0.576314103,1.476539165
-0.343159838,-0.191053435,0.248821912,0.008465049
0.208154762,0.336300998,0.552773601,0.560818466
-1,1,-0.639722063,13.07682207
-0.872206492,-1,-0.879568847,0.423345046
1,0.354766975,1,19.35047837
1,0.195571293,0.048693413,5.468757792
0.345295859,-0.418196167,-0.807618018,-0.626374515
0.973907419,-0.047864299,-0.966275471,6.750866837
-0.456524065,0.416082936,-0.941789751,-1.764276584
0.53140392,0.324820496,-0.621321957,1.466348618
-0.025178314,1,-0.654544969,9.285302772
0.153723056,0.02566165,-0.862737278,-0.381854373
-0.673676297,0.013300039,-0.629148147,0.383872979
-0.634562864,0.54381407,-1,-1.503595237
1,0.347306414,0.327336189,7.15334024
0.724075367,0.192008812,0.143675872,1.544183005
-0.652296692,0.400865424,0.620698854,-1.40078526
-0.904909567,-0.632836276,-0.459019988,2.22431733
1,0.561145318,1,23.10068965
1,0.120481312,1,14.24904058
0.321112854,0.153327057,-1,-3.14377826
0.00784652,-0.88886557,0.396016086,2.209014109
0.023327733,-1,0.247961485,2.605996466
0.125303541,-1,0.984455615,-6.723376619
0.814930423,-0.285809449,0.060474825,1.775655135
0.045921373,1,0.327829818,7.346039321
-1,-0.599276874,-0.750036026,0.83795569
0.740815164,-1,-0.760002858,-12.10056985
-0.517460814,-0.463531783,-0.302578026,0.599915219
0.246371714,-1,-1,-18.82555519
0.008722025,-0.054756882,0.631860259,0.362524315
0.850579708,-0.561957678,0.080724866,1.817269945
-0.599002421,0.181503134,1,2.179704671
-0.700990515,0.441204734,0.372413476,-2.095627131
0.642335883,-1,-0.391337077,-2.570795569
-0.132293262,0.681114233,1,6.001634653
0.556725118,-0.433640225,-0.14475165,0.613894213
-1,0.972084283,0.638977947,-0.57161928
0.211041305,-0.120807289,-0.027578745,0.805489014
-0.405935527,-0.074818902,-0.774559119,0.052911089
1,1,0.275031339,13.83660894
-1,0.227733656,-0.880916325,7.114965971
0.161115992,0.697886261,0.282497426,0.946963509
0.13313473,-0.046818091,0.068399813,0.404183889
-1,-1,-0.335498217,5.985716144
1,-0.931241843,-1,-19.02169389
-0.31479183,0.148248439,-0.088208067,-0.294828228
0.24093157,-1,0.150362155,2.625059686
1,0.429264043,0.033766673,5.949040298
-0.953587097,-0.391939251,0.903605659,3.479010294
-1,1,0.166819583,5.262129542
-0.356274665,1,0.096880029,6.500609895
0.150644748,0.380995854,1,1.312803729
1,0.109044084,0.124819899,5.093181559
-1,-0.837285528,-0.422510372,3.923001324
0.588580044,-0.398760885,0.537434145,0.897263003
-0.090785406,-1,1,-6.760906617
0.775667698,-0.0105188,0.064394415,1.846820032
0.502192922,-0.302184165,1,-2.07744121
0.690059967,-1,0.9883259,-6.943219564
-1,-0.34154944,0.162250537,-3.168714057
0.662368193,0.118971589,-0.94518739,0.942188133
1,-0.649710486,-0.972284609,0.386655968
0.918420274,-1,-0.078045376,-7.371938879
-0.340415746,-0.220894681,0.047262171,0.409870936
-0.1779994,-0.428102137,-1,-4.820423151
0.914643495,-1,0.897951092,-6.39318331
0.795150792,-0.044601363,0.342043667,2.631415356
-0.387640567,0.321662881,-0.395771563,-0.727961627
-1,-1,-1,2.450900657
-0.344627642,-0.512849661,-0.444299494,1.224220182
1,-0.02780128,-0.3892798,5.037041592
0.583319057,0.125550894,0.524650711,1.762593274
0.071882372,0.686678565,0.867468952,4.302147588
0.631736068,0.370592148,0.249218191,2.003912358
-1,0.282898925,-0.286122315,-3.382159624
0.288307797,-1,1,-7.298768176
-0.441438146,0.874748778,-0.74593409,0.182296702
1,0.227797326,1,16.59065776
-0.490175971,-0.828533069,0.029271881,2.582632013
-0.841189563,-1,0.98212999,9.458499689
-0.163049208,0.551218433,0.49275518,0.381959791
-0.292127636,0.868868403,0.653917939,3.567625939
1,0.013172359,-1,8.695159421
0.237353066,-0.977522,-1,-17.77048668
0.578248968,-0.674219414,-0.295193293,0.572260928
-0.940165891,-0.60038719,0.385332418,1.54463672
0.205093075,0.619194672,1,4.408485613
0.942450486,-1,-0.753071412,-14.72663855
0.069861204,0.286380555,0.663526985,-0.188188638
0.485147533,-0.276118357,0.031880877,2.073004951
0.509883887,-0.008546256,0.09710327,2.045065409
1,0.11405402,0.718536174,8.985595016
-0.950462963,0.966718567,-0.192276079,5.828598675
1,-0.158258473,0.58099838,5.685422658
-0.449796325,0.07471122,0.858763618,0.262468439
0.470020436,-0.125438864,1,-1.983536953
-0.565692667,1,-1,1.009844672
-0.557609854,-0.425553073,0.062307265,0.495355403
1,0.025478598,0.294926187,5.962940214
0.304680784,-0.52608729,0.009837872,1.159375653
0.409500469,0.425702431,0.356732603,1.116641237
0.087612419,-0.25570609,0.524472003,1.118422453
-1,0.879577322,0.055361478,1.716101891
0.28886875,0.383649061,0.230831593,1.078889818
-1,-0.40370507,-0.612440042,-0.508160654
0.102501149,0.272226273,-0.655953005,0.284886393
1,-0.151027495,-0.768230817,7.659514702
-0.269669043,0.79090626,1,8.150704942
-0.645582358,-1,0.798305343,2.698765001
0.080484192,-1,0.425461442,0.841788138
0.933266266,0.030845044,0.069866427,4.174550265
0.493512778,0.273644938,-1,-2.339121976
0.621985111,-1,-0.687866669,-8.613503544
0.117049256,-0.940763089,1,-6.21772759
0.130679833,0.75599375,0.340509008,1.587410624
1,1,0.08390206,14.51845176
0.277107604,1,-0.417495368,10.31511162
-0.442736402,-1,-0.354740615,3.527935307
1,-0.680177088,-0.002520878,2.015272794
-1,0.470464185,-0.459458573,-0.863249129
-1,-0.043432482,0.600731447,-4.0491888
0.527843881,-0.824993991,-0.47199644,0.366999966
0.174178565,0.481298699,1,3.25803582
-1,0.638970708,1,7.154467853
0.609751259,-0.239983902,-0.05944143,1.495111519
-0.544006352,-0.095810015,-0.150218999,-0.242087792
-0.220471014,-0.944621,0.210094535,1.711476018
-1,-0.905037069,-1,3.879075614
-1,1,-0.826675566,15.34146686
-0.770800224,-0.256966492,-0.424226392,-0.006378876
1,-0.716757877,-0.075720863,1.95838548
-0.508218903,0.350868422,0.303034553,-1.43716085
-0.109349344,-1,-0.395840706,1.197558431
0.198740163,0.574284373,-0.970039938,-2.019882052
0.465218718,-0.265502883,-1,-5.271561615
-1,-0.292399048,-1,7.853428125
-0.341954541,0.770954147,-0.592629303,0.769619207
0.747433239,-1,-1,-26.48457137
-0.018852455,-1,-0.63362288,-2.349578946
0.573375133,-0.24337815,-0.78193889,0.791879237
-0.58850931,0.456936922,0.416763374,-2.039934606
0.041603835,-0.857041475,-0.290876277,2.382165599
1,0.356196105,-1,10.81218873
-1,-0.062956494,0.463504526,-3.45573461
0.239872729,0.248132567,-0.637986379,1.435964759
0.493152094,-0.211924673,0.047710003,1.413716588
0.348356314,0.714319362,0.857963871,4.204319383
0.649572604,-0.011624123,-1,-0.917776367
0.217726935,0.0276827,-0.925979599,-1.473901589
1,1,0.691478679,16.30294366
0.843364997,-1,0.078381697,-4.086406213
0.0695937,-0.701054122,0.718760854,-0.187482166
-1,0.601524749,1,6.776061351
0.411750773,0.723303293,0.370233169,2.98464659
0.371221058,-0.048124698,-0.309443033,1.399029827
-0.755399888,0.032733538,-0.511073783,0.069673117
-0.349437827,0.676666391,1,6.250643383
-0.646499819,0.933555744,0.120237941,1.674066267
-1,-0.789084644,-0.824364996,2.994817082
-0.565676725,-0.656352184,0.004943633,0.759611584
-0.162735862,1,-1,3.228393962
-1,1,-0.896678959,17.53202029
0.356801537,1,0.18057544,8.471377455
-0.484815249,-0.35011021,-0.514610862,1.254722342
-0.26238599,1,0.628387682,8.001536606
1,0.803801534,0.585017281,12.68938718
0.526648978,-0.827621758,-0.512521166,0.120767604
-1,0.503506841,-1,17.48622586
-0.238847466,-0.088203617,-0.153083428,0.367920251
-1,-0.181724853,1,4.766426185
0.169607396,-0.008298031,0.898696306,0.034713662
0.782899047,-0.208284876,-0.500202064,1.97378595
1,0.88645232,-0.993044221,24.95046992
0.179542286,-0.755493334,0.010215203,2.587627021
0.903609502,-0.319581652,0.50245808,3.556236737
0.023775905,-0.010758398,0.37765891,0.773406249
0.547693378,1,1,9.122363517
-0.689375939,-0.916076049,-0.007746249,4.728199756
-0.39938287,-0.279449839,1,0.496125663
-0.124115557,0.094049372,0.349539258,0.361032801
0.333395041,-0.783696607,0.351488608,1.225798031
0.453961758,-1,-0.018628656,-0.141843159
0.750335516,0.368403313,0.059783638,2.247338403
-0.300499907,-0.939606092,-0.986116391,-11.05545344
-0.532670928,1,0.605640689,5.455162906
0.600907334,-0.055974523,0.278086321,1.95132715
-0.083800719,0.177035455,1,1.140419099
-0.14889931,-0.773586784,-0.061490843,2.005498601
0.121581336,-0.163560199,-0.436396949,1.651419623
-0.139898889,0.565612432,-0.23397749,0.124904916
0.012691094,-1,-1,-17.91309024
-0.137960132,-0.530448169,-0.230095354,0.989854891
0.896423964,-0.871433856,0.440051998,-0.701008343
-0.107065453,0.717692707,0.797939213,2.528269206
0.03954807,-0.608610447,0.91608988,-1.718619017
1,-0.346781933,-1,4.850822769
0.622106453,-1,0.78964813,-3.051670626
-0.772294196,1,-1,4.293525056
0.233523151,-1,-0.96592418,-15.91270215
0.625628618,0.923937587,-0.009341503,4.693508813
0.420496658,0.921994534,-0.922308032,4.849222292
-1,-0.668446784,-0.445826742,0.248768591
1,0.771908613,-0.576543861,9.20058828
0.313885571,1,-0.892559728,8.468299734
-1,0.833802316,-0.027964643,2.891682545
-0.607596189,-0.713894066,1,2.545623518
-0.937742692,-0.290821985,-0.207398402,-1.474596377
0.630589292,1,-0.764987962,12.55856169
1,-1,-1,-29.57526578
0.435161312,0.208890721,0.142755354,1.300706805
1,-1,0.58878874,-6.644616804
1,0.245095187,-0.010324796,5.09559609
-0.071236397,1,0.543373115,8.424698752
-0.887911397,0.279690147,-1,8.207856823
0.055662564,0.408752249,1,3.305592272
0.689567503,0.605140352,0.735282515,4.487168364
0.219571081,1,-0.030597041,8.202537977
-0.719834078,-0.02824387,1,1.678075422
1,0.321115711,0.564776946,8.483919288
-0.052274416,-0.410056965,0.816541856,0.40601615
0.469300875,-1,0.543351664,-1.495300903
0.393103176,0.467615516,0.482175157,0.830500279
1,0.509565,0.594047358,11.30790585
0.793539832,1,-0.677841908,14.99379189
0.192013577,-0.238917045,-0.970690243,-2.881509849
-0.766477682,-1,-0.515275089,3.423846201
1,-1,-0.954108708,-25.87213206
0.368469679,-0.470834518,0.023107256,1.574721149
0.964618547,-1,0.025606951,-8.761603854
0.75496579,0.356045754,-0.283525774,1.507377539
-0.751385859,0.397041575,-1,2.144146911
-0.90071826,-0.672017183,-0.000378368,2.496784936
-0.574469334,-0.340192195,0.15185604,-0.020940371
0.178302416,-1,-0.87008864,-9.869650744
-0.892614565,-0.884857791,0.425664901,7.596962207
0.269353723,-0.818097332,0.677878509,-0.704654664
-0.716842153,0.793915942,-0.58312125,-0.517224324
-0.255684733,-0.860348195,-0.080420187,2.235620993
-0.065012012,-0.109276764,0.608129602,0.85910087
0.095026125,-0.149981059,0.089576427,0.901155838
0.343467168,0.135258687,0.320873435,1.035811608
-0.425645729,1,1,14.9028691
1,0.234462938,0.194471112,6.20781648
0.637913336,-0.711548974,-0.451486727,0.890052582
-0.686551092,0.062475703,-0.91972404,1.415545926
0.983688398,0.532738458,1,22.62827714
0.876505005,-0.094479229,-0.422887717,3.362830422
-0.780919818,-0.299457483,-0.784725654,1.158457125
1,-0.13509732,0.410172434,5.940305721
0.155790318,0.4086626,0.173345252,0.453289067
0.552795655,-1,1,-7.242469614
0.452612478,-0.178575844,-0.743580595,0.656283062
-0.212159629,-0.337151269,-0.747468183,-0.396286227
0.688723783,0.679470965,0.302360769,2.657922409
-0.640952238,1,-0.678334805,3.544916594
-0.834451686,-0.052330148,-0.565864197,0.99063028
-0.718339049,0.360445177,1,3.431417242
0.157198871,0.312922778,-0.699741862,0.804108058
-0.19810558,0.044688592,-0.84930615,-0.019335407
0.099067331,-1,-1,-17.77661155
-0.038861918,1,0.499284933,7.358019057
-0.103491428,0.816259504,-0.19227821,1.979872076
0.42980039,0.029758484,0.01693836,0.77056068
-0.010969119,1,0.038268592,7.697996765
1,-0.513323312,-0.735626984,5.274098918
-0.905018133,0.492168066,-0.341654374,-2.502041613
0.305067008,-0.017326689,-0.917535317,-0.862229953
0.447956327,-0.018928614,0.017695064,0.695898762
0.187633236,1,-0.256003078,8.875688509
-0.823778343,-0.053636965,-0.138084472,-1.18093975
0.161686811,0.279337903,-0.375780585,1.427007739
-0.143501799,-0.329554371,-0.003421545,0.250486681
0.078276099,-1,1,-7.298619475
1,0.240449256,-1,10.77454471
-1,-0.278998221,-0.098500431,-3.129852493
-0.525025422,0.318863174,1,2.132583734
0.061915107,0.534424582,0.822272441,1.434599891
0.621042242,1,0.283100158,7.332297091
-0.331144531,-0.916148826,0.184415841,2.35392776
-1,0.507782476,0.641075237,-3.873190593
1,0.808795985,-0.031932897,8.078377469
-0.281230276,-1,0.40403125,2.486335656
0.308528539,0.184640395,0.584332324,0.066004825
-0.659515187,-0.855684451,0.74381632,3.863083939
0.257929635,-0.355761991,0.108158747,0.568180726
-0.274143058,0.43216503,1,3.351159891
1,-1,0.565699798,-6.809815654
-0.568927097,-0.448121605,0.660879956,0.471434946
-1,-0.117167903,1,4.244148223
-0.475584051,-0.345547481,0.109061084,0.755677613
1,-0.459190948,-0.05437374,3.602182741
-0.445040696,-0.273527373,-1,-1.710958053
0.876525733,0.307182053,0.612408625,5.690771384
-0.625099557,1,1,16.35435717
-0.682093975,0.265706471,-1,1.721587285
-0.672870971,1,0.255994266,3.315459829
-0.877297591,-0.325124132,1,3.601470804
0.032059793,0.643050592,0.72227608,1.75959107
-1,1,1,17.251242
0.443601692,-0.547867386,-0.269559022,0.746892559
-0.921071484,-0.359114225,1,4.837892517
-0.532956802,0.571864914,0.317328697,-1.312651955
-0.987519915,0.396477798,-1,15.45456531
-0.315554049,-0.676529412,-0.283377468,1.370907466
0.489843809,0.11305463,-0.9975662,-2.483800522
0.907075412,-0.32626329,-0.455225095,4.181400499
1,1,-0.724987861,26.96389339
0.509387047,-0.030428586,0.463710126,0.82880494
-0.594494784,-0.505155118,0.411082797,0.178603451
-0.527528015,-0.783739708,-0.473142594,1.712970108
-1,1,-0.28136311,10.80296522
-0.778836359,0.346538447,-1,3.056462921
-0.166280155,0.395171691,-0.336372232,0.010265131
0.52486801,0.032393325,1,0.300308107
-0.3598342,0.24493153,0.221097041,-0.56368692
-1,-1,1,21.66242959
-1,0.449184275,-1,16.90275044
0.490202402,0.279913587,-1,-2.044158902
0.163164732,0.537875698,-0.182116616,0.675489583
1,-0.664686215,0.016088764,1.61209162
0.089364128,1,-0.87672599,8.633575428
-1,0.054054951,0.083078422,-4.325834422
-0.132378174,-1,0.255027467,2.444242309
1,0.26677442,0.173317469,6.056175491
0.599284639,-0.75271222,-0.224088013,0.316524612
1,1,-0.290524273,16.36661093
-1,-1,-1,3.675265144
1,-0.083351735,-0.392382772,4.223388432
1,-0.428583945,0.059898126,4.643276978
-1,-0.56463358,0.063941864,-0.243624329
-0.079351576,0.950734998,-0.032664913,5.565335178
0.549573366,1,0.126703947,7.554264461
0.26149847,-1,0.364322362,0.974702669
1,-1,-0.618164458,-12.40862505
-0.28042374,0.442243527,-1,-3.216735964
-0.562980847,0.008487804,0.317791047,-0.219831925
-0.380326095,0.797941878,1,8.724100625
-0.744083011,-0.836120154,-0.77070188,0.695312733
0.185985096,-0.429216088,0.004034295,1.141352583
-0.63791279,0.680293992,-0.128424853,-1.605089936
1,-0.233530994,-0.587756012,5.164759815
-0.41006204,-0.866669516,0.000412348,2.974525662
1,0.379089245,1,20.19276803
1,1,-0.295735378,17.19587116
-0.421722999,1,0.234381749,5.364757972
-0.875762853,1,-0.541403413,4.316257966
0.209324962,-0.227863613,1,-0.942569697
1,-0.209745904,-1,6.914973299
0.343923448,1,-0.343786896,10.24665092
0.3617561,0.918636274,-1,0.805801164
0.269020436,0.394205295,-0.084230669,0.529417466
-1,-0.245909501,1,5.426723451
-0.260231361,0.081917919,0.726348946,-0.625445951
-0.797539338,-1,0.30977179,6.813166547
1,0.514432815,-0.471123426,4.834321345
-0.824960996,1,0.295853209,2.829676114
-0.072621928,0.21402257,0.20904887,-0.319116982
-0.374950258,0.329547589,0.630584675,-0.915320019
1,0.280209733,-0.824211276,8.493470312
-0.127756855,-0.460916646,0.964763316,-0.166335402
1,0.831747391,-0.624959895,11.48534019
0.369522177,1,-0.001212594,8.005233599
-0.921716984,-0.050226358,0.005852196,-2.904730874
-0.240394363,-1,-1,-14.90902834
1,-0.031141462,-0.472071815,4.613913827
0.505504164,-0.745676994,1,-3.772979108
-1,-1,1,21.44526568
0.734629143,-0.291264761,0.343687131,2.122254685
1,-0.98829521,0.027938998,-7.020693051
0.960321301,-1,0.612767272,-5.260732528
-0.040333451,-0.763430671,0.259696303,0.831349901
-0.89550444,-0.597963509,0.209441252,1.800347027
-0.513602912,1,-1,1.880588771
0.206585609,-0.350487417,0.155561,0.48134855
0.590392821,0.529611745,-1,-1.655326072
0.104560279,1,-0.689622216,11.20007506
-0.547213077,-0.008378237,0.433201742,-0.285341894
0.787055301,1,0.264575865,8.651433938
-1,1,0.242557716,4.934038858
0.314559782,-0.204082877,0.861474184,-0.464480255
-0.785456581,-0.00671363,1,2.102319828
0.966112039,-0.602154299,0.42466321,2.834085264
0.205683184,-0.510980289,-1,-6.552816132
-1,0.428286679,-1,16.97416917
0.185573816,0.729558477,0.101873795,1.339979813
-1,0.872579872,0.66748389,-1.820825329
-0.338406004,-0.153240892,-1,-2.009348643
-0.968803037,1,1,17.3255665
-0.131452492,0.860740321,-0.038345357,2.469517309
-1,-0.469849774,-0.354995811,-1.001442066
-1,1,0.279853268,3.188396923
-0.114257755,0.006920811,0.815186442,-0.020886865
-0.084803429,1,-0.172738998,8.513403174
-0.996408066,-0.072201901,-0.722374677,1.248428964
0.498418588,-0.848754373,-1,-12.4407902
-1,0.942829498,0.357585621,1.264387046
0.852127962,0.590409347,-0.731604204,2.947539859
-0.478068565,0.112178914,-0.178997003,-0.457324594
1,1,-0.573404745,21.62244287
-0.42701401,-0.36803473,0.221030465,0.282508352
-0.000522125,-1,-0.57737379,-1.69475941
-1,1,1,17.77457151
0.050774291,0.374618781,-0.169443165,0.660715767
0.018103219,-1,0.19831964,1.271862525
0.730411864,-1,1,-6.695617295
0.830213948,0.639862964,0.485377538,4.753979534
-0.164556125,0.13418082,-0.7578425,-0.113440152
-0.620941022,-0.426529009,-0.547411387,-0.072081047
0.735567469,1,1,12.07632631
0.661516673,-0.539028173,-0.585725831,0.819824492
-0.265826275,-1,-0.121488841,3.549874568
-0.521471537,-1,-0.91100313,-7.391664935
0.160892903,-1,-0.012364687,1.750041402
-0.697349368,-1,-0.023651369,5.500655148
1,-0.119623043,0.670123098,7.387447024
-1,-0.536489853,1,9.66312421
0.858223633,1,-1,21.18346242
-0.361294728,1,-0.213422491,7.104663541
-1,1,-0.121618823,9.43113403
-1,0.043526448,0.016023113,-4.245888544
-0.139155508,1,-0.29867047,8.500444409
0.746147172,0.946512795,-0.650232914,9.881092172
-1,0.493403853,-1,17.40113155
0.097882075,-0.649641478,0.305446741,0.964301984
1,-0.114090254,1,10.38637339
0.326749211,-0.416516232,-0.168392876,0.484718272
-0.295718291,-0.096025891,1,1.183004891
0.948584096,-0.445001431,-0.402350314,3.075737392
-0.399645488,0.682457224,-0.233245118,0.029974596
-0.812947528,0.819783353,0.311331833,-2.570211268
1,0.113622923,-0.001111416,3.835563586
